[{"model": "auctions.user", "pk": 1, "fields": {"password": "pbkdf2_sha256$216000$ySVA9TNEqg0H$VvyYwBuW6qdL/IDwX/DpVMkwq6/vqFny1gCBcmATOno=", "last_login": "2020-11-04T16:26:20.713Z", "is_superuser": true, "username": "jelou", "first_name": "", "last_name": "", "email": "", "is_staff": true, "is_active": true, "date_joined": "2020-10-25T12:18:44.081Z", "groups": [], "user_permissions": []}}, {"model": "auctions.user", "pk": 2, "fields": {"password": "vanya1", "last_login": null, "is_superuser": false, "username": "vanya", "first_name": "Vanya", "last_name": "Hargreeves", "email": "", "is_staff": false, "is_active": true, "date_joined": "2020-10-25T12:19:20Z", "groups": [], "user_permissions": []}}, {"model": "auctions.user", "pk": 3, "fields": {"password": "klaus1", "last_login": null, "is_superuser": false, "username": "klaus", "first_name": "Klaus", "last_name": "Hargreeves", "email": "klaus@umbrellacademy.edu", "is_staff": false, "is_active": true, "date_joined": "2020-10-25T12:36:27Z", "groups": [], "user_permissions": []}}, {"model": "auctions.user", "pk": 4, "fields": {"password": "pbkdf2_sha256$216000$U5HMWiIsYVcF$iOUdWrtZk/GJD4qt0uuhkJ12b5sDpAEchVQtylo+lRo=", "last_login": "2020-11-04T14:57:57.024Z", "is_superuser": false, "username": "luther", "first_name": "", "last_name": "", "email": "luther@umbrellacademy.edu", "is_staff": false, "is_active": true, "date_joined": "2020-11-04T14:57:56.682Z", "groups": [], "user_permissions": []}}, {"model": "auctions.user", "pk": 5, "fields": {"password": "pbkdf2_sha256$216000$PawazCshAsEa$DvVQhozUZnkUNuNKqf1I0kbxRCTbSeOAd3kM++yfVr8=", "last_login": "2021-01-12T22:00:33.704Z", "is_superuser": false, "username": "ali", "first_name": "", "last_name": "", "email": "ali@umbrellaacademy.com", "is_staff": false, "is_active": true, "date_joined": "2021-01-12T22:00:33.521Z", "groups": [], "user_permissions": []}}, {"model": "auctions.user", "pk": 6, "fields": {"password": "pbkdf2_sha256$216000$UbvLx72AVdQt$hSToVkAv3IDndOn3dO7CuZ5fcQsmhUx1z3C13OxgyeU=", "last_login": "2021-01-19T10:42:12.905Z", "is_superuser": false, "username": "archelle", "first_name": "", "last_name": "", "email": "archelle.batiller@gmail.com", "is_staff": false, "is_active": true, "date_joined": "2021-01-19T10:39:20.210Z", "groups": [], "user_permissions": []}}, {"model": "auctions.user", "pk": 7, "fields": {"password": "pbkdf2_sha256$216000$IPBi6IcOHFns$WQZq1dMzoa6lXCARlimW4Bt1pEphAnbIcbxtL3PaYe4=", "last_login": "2021-01-19T11:32:02.742Z", "is_superuser": true, "username": "admin", "first_name": "", "last_name": "", "email": "archelle.batiller@gmail.com", "is_staff": true, "is_active": true, "date_joined": "2021-01-19T11:31:52.701Z", "groups": [], "user_permissions": []}}, {"model": "auctions.auctioncategories", "pk": 3, "fields": {"category": "Others"}}, {"model": "auctions.auctioncategories", "pk": 7, "fields": {"category": "Residential"}}, {"model": "auctions.auctioncategories", "pk": 8, "fields": {"category": "Commercial"}}, {"model": "auctions.auctioncategories", "pk": 9, "fields": {"category": "Office Space"}}, {"model": "auctions.auctioncategories", "pk": 10, "fields": {"category": "Vacation Home"}}, {"model": "auctions.listing", "pk": 11, "fields": {"title": "228B Tower", "desc": "Lorem ipsum dolor sit amet, consectetur adipiscing elit, sed do eiusmod tempor incididunt ut labore et dolore magna aliqua", "start_bid": 365, "image": "https://picsum.photos/id/101/800/600", "category": 7, "status": true, "user": 2}}, {"model": "auctions.listing", "pk": 12, "fields": {"title": "Ellesmere Castle", "desc": "A beautiful castle surrounded by lush estates.", "start_bid": 123, "image": "https://picsum.photos/id/1040/800/600", "category": 10, "status": false, "user": 1}}, {"model": "auctions.listing", "pk": 13, "fields": {"title": "The House", "desc": "The house is the home of houses", "start_bid": 99, "image": "", "category": 3, "status": true, "user": 1}}, {"model": "auctions.listing", "pk": 14, "fields": {"title": "Delanoix Towers", "desc": "Six adjacent towers made for office spaces.", "start_bid": 879, "image": "https://picsum.photos/id/1048/800/600", "category": 9, "status": true, "user": 2}}, {"model": "auctions.listing", "pk": 15, "fields": {"title": "Rola Apartments", "desc": "A housing project made in the late 90s. Can house 30 families and has common areas on the ground floor.", "start_bid": 67, "image": "https://picsum.photos/id/1054/800/600", "category": 7, "status": true, "user": 1}}, {"model": "auctions.listing", "pk": 16, "fields": {"title": "Blue Cheese Mall", "desc": "A shopping mall with lovely architectural design", "start_bid": 356, "image": "https://picsum.photos/id/1081/800/600", "category": 8, "status": true, "user": 3}}, {"model": "auctions.listing", "pk": 17, "fields": {"title": "Zeller Building", "desc": "An office building situated downtown. Near restaurants and shopping boutiques.", "start_bid": 473, "image": "https://picsum.photos/id/1076/800/600", "category": 9, "status": true, "user": 2}}, {"model": "auctions.listing", "pk": 18, "fields": {"title": "Kudinov Residences", "desc": "A condominium tower right in the middle of the city.", "start_bid": 897, "image": "https://picsum.photos/id/1078/800/600", "category": 7, "status": true, "user": 1}}, {"model": "auctions.listing", "pk": 19, "fields": {"title": "River Run Palace", "desc": "A huge mansion that is situated beside a river. Surrounded by orchards and hedge gardens.", "start_bid": 1042, "image": "https://picsum.photos/id/142/800/600", "category": 10, "status": true, "user": 3}}, {"model": "auctions.listing", "pk": 20, "fields": {"title": "Broch Tuarach", "desc": "An ancient estate of an old family.", "start_bid": 1224, "image": "https://picsum.photos/id/193/800/600", "category": 10, "status": true, "user": 2}}, {"model": "auctions.listing", "pk": 21, "fields": {"title": "Todd Towers", "desc": "Residential towers", "start_bid": 123, "image": "https://picsum.photos/id/221/800/600", "category": 7, "status": true, "user": 1}}, {"model": "auctions.bid", "pk": 9, "fields": {"amount": 400, "user": 1, "listing": 11}}, {"model": "auctions.bid", "pk": 10, "fields": {"amount": 452, "user": 1, "listing": 11}}, {"model": "auctions.bid", "pk": 11, "fields": {"amount": 453, "user": 1, "listing": 11}}, {"model": "auctions.bid", "pk": 12, "fields": {"amount": 454, "user": 1, "listing": 11}}, {"model": "auctions.bid", "pk": 13, "fields": {"amount": 500, "user": 1, "listing": 11}}, {"model": "auctions.bid", "pk": 14, "fields": {"amount": 600, "user": 1, "listing": 11}}, {"model": "auctions.bid", "pk": 15, "fields": {"amount": 5000, "user": 4, "listing": 12}}, {"model": "auctions.bid", "pk": 21, "fields": {"amount": 879, "user": 1, "listing": 14}}, {"model": "auctions.bid", "pk": 22, "fields": {"amount": 900, "user": 1, "listing": 14}}, {"model": "auctions.bid", "pk": 23, "fields": {"amount": 74, "user": 6, "listing": 15}}, {"model": "auctions.bid", "pk": 24, "fields": {"amount": 99, "user": 7, "listing": 13}}, {"model": "auctions.comment", "pk": 5, "fields": {"user": 1, "comment": "Looks beautiful", "listing": 11}}, {"model": "auctions.comment", "pk": 6, "fields": {"user": 2, "comment": "What a pretty thing", "listing": 11}}, {"model": "auctions.comment", "pk": 7, "fields": {"user": 4, "comment": "I want to live in a castle", "listing": 12}}, {"model": "auctions.comment", "pk": 8, "fields": {"user": 4, "comment": "Looks very modern", "listing": 14}}, {"model": "auctions.comment", "pk": 9, "fields": {"user": 1, "comment": "It really is", "listing": 14}}, {"model": "auctions.comment", "pk": 10, "fields": {"user": 1, "comment": "Yes it is beautiful", "listing": 12}}, {"model": "auctions.comment", "pk": 11, "fields": {"user": 1, "comment": "wow so cool", "listing": 14}}, {"model": "auctions.comment", "pk": 12, "fields": {"user": 5, "comment": "Hello", "listing": 11}}, {"model": "auctions.comment", "pk": 13, "fields": {"user": 6, "comment": "ganda", "listing": 13}}, {"model": "auctions.watchlist", "pk": 15, "fields": {"user": 1, "listing": 11}}, {"model": "auctions.watchlist", "pk": 20, "fields": {"user": 4, "listing": 12}}, {"model": "auctions.watchlist", "pk": 23, "fields": {"user": 1, "listing": 21}}, {"model": "auctions.watchlist", "pk": 24, "fields": {"user": 1, "listing": 13}}, {"model": "auctions.watchlist", "pk": 25, "fields": {"user": 6, "listing": 15}}, {"model": "admin.logentry", "pk": 1, "fields": {"action_time": "2020-10-25T12:19:12.599Z", "user": 1, "content_type": 1, "object_id": "1", "object_repr": "Other", "action_flag": 1, "change_message": "[{\"added\": {}}]"}}, {"model": "admin.logentry", "pk": 2, "fields": {"action_time": "2020-10-25T12:19:15.308Z", "user": 1, "content_type": 1, "object_id": "2", "object_repr": "Clothes", "action_flag": 1, "change_message": "[{\"added\": {}}]"}}, {"model": "admin.logentry", "pk": 3, "fields": {"action_time": "2020-10-25T12:19:56.289Z", "user": 1, "content_type": 3, "object_id": "2", "object_repr": "vanya", "action_flag": 1, "change_message": "[{\"added\": {}}]"}}, {"model": "admin.logentry", "pk": 4, "fields": {"action_time": "2020-10-25T12:20:29.240Z", "user": 1, "content_type": 2, "object_id": "1", "object_repr": "Black Umbrella, 90, True", "action_flag": 1, "change_message": "[{\"added\": {}}]"}}, {"model": "admin.logentry", "pk": 5, "fields": {"action_time": "2020-10-25T12:27:57.401Z", "user": 1, "content_type": 2, "object_id": "1", "object_repr": "Black Umbrella, 90, True", "action_flag": 3, "change_message": ""}}, {"model": "admin.logentry", "pk": 6, "fields": {"action_time": "2020-10-25T12:28:09.797Z", "user": 1, "content_type": 1, "object_id": "2", "object_repr": "Clothes", "action_flag": 3, "change_message": ""}}, {"model": "admin.logentry", "pk": 7, "fields": {"action_time": "2020-10-25T12:28:09.799Z", "user": 1, "content_type": 1, "object_id": "1", "object_repr": "Other", "action_flag": 3, "change_message": ""}}, {"model": "admin.logentry", "pk": 8, "fields": {"action_time": "2020-10-25T12:29:59.347Z", "user": 1, "content_type": 1, "object_id": "3", "object_repr": "Other", "action_flag": 1, "change_message": "[{\"added\": {}}]"}}, {"model": "admin.logentry", "pk": 9, "fields": {"action_time": "2020-10-25T12:30:46.651Z", "user": 1, "content_type": 2, "object_id": "1", "object_repr": "Black Umbrella, 90, True", "action_flag": 1, "change_message": "[{\"added\": {}}]"}}, {"model": "admin.logentry", "pk": 10, "fields": {"action_time": "2020-10-25T12:36:21.562Z", "user": 1, "content_type": 9, "object_id": "1", "object_repr": "jelou: 100", "action_flag": 1, "change_message": "[{\"added\": {}}]"}}, {"model": "admin.logentry", "pk": 11, "fields": {"action_time": "2020-10-25T12:37:31.905Z", "user": 1, "content_type": 3, "object_id": "3", "object_repr": "klaus", "action_flag": 1, "change_message": "[{\"added\": {}}]"}}, {"model": "admin.logentry", "pk": 12, "fields": {"action_time": "2020-10-25T12:37:48.957Z", "user": 1, "content_type": 9, "object_id": "2", "object_repr": "klaus: 110", "action_flag": 1, "change_message": "[{\"added\": {}}]"}}, {"model": "admin.logentry", "pk": 13, "fields": {"action_time": "2020-10-25T12:40:42.132Z", "user": 1, "content_type": 10, "object_id": "1", "object_repr": "klaus: I want it!", "action_flag": 1, "change_message": "[{\"added\": {}}]"}}, {"model": "admin.logentry", "pk": 14, "fields": {"action_time": "2020-10-25T12:41:00.893Z", "user": 1, "content_type": 10, "object_id": "2", "object_repr": "jelou: No. I'm gonna get it", "action_flag": 1, "change_message": "[{\"added\": {}}]"}}, {"model": "admin.logentry", "pk": 15, "fields": {"action_time": "2020-10-27T12:31:24.010Z", "user": 1, "content_type": 1, "object_id": "4", "object_repr": "Clothes", "action_flag": 1, "change_message": "[{\"added\": {}}]"}}, {"model": "admin.logentry", "pk": 16, "fields": {"action_time": "2020-10-28T16:17:24.782Z", "user": 1, "content_type": 11, "object_id": "1", "object_repr": "jelou: Dragonfly Amber, 10, True", "action_flag": 3, "change_message": ""}}, {"model": "admin.logentry", "pk": 17, "fields": {"action_time": "2020-10-29T10:41:53.568Z", "user": 1, "content_type": 11, "object_id": "4", "object_repr": "jelou: Black Umbrella, 90, True", "action_flag": 3, "change_message": ""}}, {"model": "admin.logentry", "pk": 18, "fields": {"action_time": "2020-10-29T10:41:53.577Z", "user": 1, "content_type": 11, "object_id": "3", "object_repr": "jelou: Black Umbrella, 90, True", "action_flag": 3, "change_message": ""}}, {"model": "admin.logentry", "pk": 19, "fields": {"action_time": "2020-10-29T11:37:34.840Z", "user": 1, "content_type": 2, "object_id": "1", "object_repr": "Black Umbrella, 90, False", "action_flag": 2, "change_message": "[{\"changed\": {\"fields\": [\"Status\"]}}]"}}, {"model": "admin.logentry", "pk": 20, "fields": {"action_time": "2020-10-29T12:32:48.240Z", "user": 1, "content_type": 1, "object_id": "3", "object_repr": "Others", "action_flag": 2, "change_message": "[{\"changed\": {\"fields\": [\"Category\"]}}]"}}, {"model": "admin.logentry", "pk": 21, "fields": {"action_time": "2020-10-29T12:33:17.914Z", "user": 1, "content_type": 1, "object_id": "5", "object_repr": "Accessories", "action_flag": 1, "change_message": "[{\"added\": {}}]"}}, {"model": "admin.logentry", "pk": 22, "fields": {"action_time": "2020-10-29T12:33:27.135Z", "user": 1, "content_type": 1, "object_id": "6", "object_repr": "Books", "action_flag": 1, "change_message": "[{\"added\": {}}]"}}, {"model": "admin.logentry", "pk": 23, "fields": {"action_time": "2020-11-03T12:32:25.161Z", "user": 1, "content_type": 1, "object_id": "7", "object_repr": "Residential", "action_flag": 1, "change_message": "[{\"added\": {}}]"}}, {"model": "admin.logentry", "pk": 24, "fields": {"action_time": "2020-11-03T12:33:58.014Z", "user": 1, "content_type": 2, "object_id": "11", "object_repr": "228B Tower, 365, True", "action_flag": 1, "change_message": "[{\"added\": {}}]"}}, {"model": "admin.logentry", "pk": 25, "fields": {"action_time": "2020-11-03T12:37:22.649Z", "user": 1, "content_type": 2, "object_id": "11", "object_repr": "228B Tower, 365, True", "action_flag": 2, "change_message": "[{\"changed\": {\"fields\": [\"Image\"]}}]"}}, {"model": "admin.logentry", "pk": 26, "fields": {"action_time": "2020-11-04T10:38:52.037Z", "user": 1, "content_type": 2, "object_id": "11", "object_repr": "228B Tower, 365, True", "action_flag": 2, "change_message": "[{\"changed\": {\"fields\": [\"Desc\"]}}]"}}, {"model": "admin.logentry", "pk": 27, "fields": {"action_time": "2020-11-04T12:21:12.394Z", "user": 1, "content_type": 1, "object_id": "8", "object_repr": "Commercial", "action_flag": 1, "change_message": "[{\"added\": {}}]"}}, {"model": "admin.logentry", "pk": 28, "fields": {"action_time": "2020-11-04T12:21:22.503Z", "user": 1, "content_type": 1, "object_id": "9", "object_repr": "Office Space", "action_flag": 1, "change_message": "[{\"added\": {}}]"}}, {"model": "admin.logentry", "pk": 29, "fields": {"action_time": "2020-11-04T12:21:51.830Z", "user": 1, "content_type": 1, "object_id": "10", "object_repr": "Vacation Home", "action_flag": 1, "change_message": "[{\"added\": {}}]"}}, {"model": "admin.logentry", "pk": 30, "fields": {"action_time": "2020-11-04T12:24:21.565Z", "user": 1, "content_type": 2, "object_id": "12", "object_repr": "Ellesmere Castle, 123, True", "action_flag": 2, "change_message": "[{\"changed\": {\"fields\": [\"Image\", \"Category\"]}}]"}}, {"model": "admin.logentry", "pk": 31, "fields": {"action_time": "2020-11-04T12:24:53.693Z", "user": 1, "content_type": 2, "object_id": "2", "object_repr": "Dragonfly Amber, 10, False", "action_flag": 2, "change_message": "[{\"changed\": {\"fields\": [\"Status\"]}}]"}}, {"model": "admin.logentry", "pk": 32, "fields": {"action_time": "2020-11-04T12:25:00.076Z", "user": 1, "content_type": 2, "object_id": "3", "object_repr": "Black Umbrella2, 123, False", "action_flag": 2, "change_message": "[{\"changed\": {\"fields\": [\"Status\"]}}]"}}, {"model": "admin.logentry", "pk": 33, "fields": {"action_time": "2020-11-04T12:25:11.330Z", "user": 1, "content_type": 2, "object_id": "8", "object_repr": "The Island of Doctor Moreau, 10, False", "action_flag": 2, "change_message": "[{\"changed\": {\"fields\": [\"Status\"]}}]"}}, {"model": "admin.logentry", "pk": 34, "fields": {"action_time": "2020-11-04T12:25:36.391Z", "user": 1, "content_type": 2, "object_id": "9", "object_repr": "Lallybroch Key Ring, 63, False", "action_flag": 2, "change_message": "[{\"changed\": {\"fields\": [\"Status\"]}}]"}}, {"model": "admin.logentry", "pk": 35, "fields": {"action_time": "2020-11-04T12:59:18.065Z", "user": 1, "content_type": 2, "object_id": "11", "object_repr": "228B Tower, 365, True", "action_flag": 2, "change_message": "[{\"changed\": {\"fields\": [\"Status\"]}}]"}}, {"model": "admin.logentry", "pk": 36, "fields": {"action_time": "2020-11-04T13:06:15.888Z", "user": 1, "content_type": 2, "object_id": "11", "object_repr": "228B Tower, 365, True", "action_flag": 2, "change_message": "[{\"changed\": {\"fields\": [\"Status\"]}}]"}}, {"model": "admin.logentry", "pk": 37, "fields": {"action_time": "2020-11-04T13:09:43.727Z", "user": 1, "content_type": 2, "object_id": "11", "object_repr": "228B Tower, 365, True", "action_flag": 2, "change_message": "[{\"changed\": {\"fields\": [\"User\"]}}]"}}, {"model": "admin.logentry", "pk": 38, "fields": {"action_time": "2020-11-04T13:12:28.913Z", "user": 1, "content_type": 10, "object_id": "6", "object_repr": "vanya: What a pretty thing", "action_flag": 2, "change_message": "[{\"changed\": {\"fields\": [\"User\"]}}]"}}, {"model": "admin.logentry", "pk": 39, "fields": {"action_time": "2020-11-04T14:23:56.499Z", "user": 1, "content_type": 2, "object_id": "8", "object_repr": "The Island of Doctor Moreau, 10, False", "action_flag": 3, "change_message": ""}}, {"model": "admin.logentry", "pk": 40, "fields": {"action_time": "2020-11-04T14:25:51.126Z", "user": 1, "content_type": 2, "object_id": "10", "object_repr": "Dawnshard, 50, False", "action_flag": 3, "change_message": ""}}, {"model": "admin.logentry", "pk": 41, "fields": {"action_time": "2020-11-04T14:25:51.128Z", "user": 1, "content_type": 2, "object_id": "9", "object_repr": "Lallybroch Key Ring, 63, False", "action_flag": 3, "change_message": ""}}, {"model": "admin.logentry", "pk": 42, "fields": {"action_time": "2020-11-04T14:25:51.131Z", "user": 1, "content_type": 2, "object_id": "7", "object_repr": "Lallybroch Key Ring, 80, False", "action_flag": 3, "change_message": ""}}, {"model": "admin.logentry", "pk": 43, "fields": {"action_time": "2020-11-04T14:25:51.133Z", "user": 1, "content_type": 2, "object_id": "6", "object_repr": "Lallybroch Key Ring, 80, False", "action_flag": 3, "change_message": ""}}, {"model": "admin.logentry", "pk": 44, "fields": {"action_time": "2020-11-04T14:25:51.135Z", "user": 1, "content_type": 2, "object_id": "5", "object_repr": "Lallybroch Key Ring, 80, False", "action_flag": 3, "change_message": ""}}, {"model": "admin.logentry", "pk": 45, "fields": {"action_time": "2020-11-04T14:25:51.137Z", "user": 1, "content_type": 2, "object_id": "4", "object_repr": "Lallybroch Key Ring, 80, False", "action_flag": 3, "change_message": ""}}, {"model": "admin.logentry", "pk": 46, "fields": {"action_time": "2020-11-04T14:25:51.139Z", "user": 1, "content_type": 2, "object_id": "3", "object_repr": "Black Umbrella2, 123, False", "action_flag": 3, "change_message": ""}}, {"model": "admin.logentry", "pk": 47, "fields": {"action_time": "2020-11-04T14:25:51.141Z", "user": 1, "content_type": 2, "object_id": "2", "object_repr": "Dragonfly Amber, 10, False", "action_flag": 3, "change_message": ""}}, {"model": "admin.logentry", "pk": 48, "fields": {"action_time": "2020-11-04T14:25:51.143Z", "user": 1, "content_type": 2, "object_id": "1", "object_repr": "Black Umbrella, 90, False", "action_flag": 3, "change_message": ""}}, {"model": "admin.logentry", "pk": 49, "fields": {"action_time": "2020-11-04T14:28:26.808Z", "user": 1, "content_type": 1, "object_id": "6", "object_repr": "Books", "action_flag": 3, "change_message": ""}}, {"model": "admin.logentry", "pk": 50, "fields": {"action_time": "2020-11-04T14:28:26.816Z", "user": 1, "content_type": 1, "object_id": "5", "object_repr": "Accessories", "action_flag": 3, "change_message": ""}}, {"model": "admin.logentry", "pk": 51, "fields": {"action_time": "2020-11-04T14:28:26.822Z", "user": 1, "content_type": 1, "object_id": "4", "object_repr": "Clothes", "action_flag": 3, "change_message": ""}}, {"model": "admin.logentry", "pk": 52, "fields": {"action_time": "2020-11-04T14:41:14.905Z", "user": 1, "content_type": 2, "object_id": "20", "object_repr": "Broch Tuarach, 1224, True", "action_flag": 2, "change_message": "[{\"changed\": {\"fields\": [\"User\"]}}]"}}, {"model": "admin.logentry", "pk": 53, "fields": {"action_time": "2020-11-04T14:41:19.439Z", "user": 1, "content_type": 2, "object_id": "19", "object_repr": "River Run Palace, 1042, True", "action_flag": 2, "change_message": "[{\"changed\": {\"fields\": [\"User\"]}}]"}}, {"model": "admin.logentry", "pk": 54, "fields": {"action_time": "2020-11-04T14:41:25.670Z", "user": 1, "content_type": 2, "object_id": "17", "object_repr": "Zeller Building, 473, True", "action_flag": 2, "change_message": "[{\"changed\": {\"fields\": [\"User\"]}}]"}}, {"model": "admin.logentry", "pk": 55, "fields": {"action_time": "2020-11-04T14:41:32.755Z", "user": 1, "content_type": 2, "object_id": "16", "object_repr": "Blue Cheese Mall, 356, True", "action_flag": 2, "change_message": "[{\"changed\": {\"fields\": [\"User\"]}}]"}}, {"model": "admin.logentry", "pk": 56, "fields": {"action_time": "2020-11-04T14:41:39.058Z", "user": 1, "content_type": 2, "object_id": "14", "object_repr": "Delanoix Towers, 879, True", "action_flag": 2, "change_message": "[{\"changed\": {\"fields\": [\"User\"]}}]"}}, {"model": "admin.logentry", "pk": 57, "fields": {"action_time": "2020-11-04T14:41:48.455Z", "user": 1, "content_type": 2, "object_id": "11", "object_repr": "228B Tower, 365, True", "action_flag": 2, "change_message": "[]"}}, {"model": "admin.logentry", "pk": 58, "fields": {"action_time": "2020-11-04T14:55:00.023Z", "user": 1, "content_type": 2, "object_id": "12", "object_repr": "Ellesmere Castle, 123, True", "action_flag": 2, "change_message": "[{\"changed\": {\"fields\": [\"Status\"]}}]"}}, {"model": "admin.logentry", "pk": 59, "fields": {"action_time": "2020-11-04T15:16:40.632Z", "user": 1, "content_type": 9, "object_id": "16", "object_repr": "jelou: 879", "action_flag": 3, "change_message": ""}}, {"model": "admin.logentry", "pk": 60, "fields": {"action_time": "2020-11-04T15:22:01.262Z", "user": 1, "content_type": 9, "object_id": "17", "object_repr": "jelou: 879", "action_flag": 3, "change_message": ""}}, {"model": "admin.logentry", "pk": 61, "fields": {"action_time": "2020-11-04T15:22:48.258Z", "user": 1, "content_type": 9, "object_id": "18", "object_repr": "jelou: 879", "action_flag": 3, "change_message": ""}}, {"model": "admin.logentry", "pk": 62, "fields": {"action_time": "2020-11-04T15:27:39.551Z", "user": 1, "content_type": 2, "object_id": "12", "object_repr": "Ellesmere Castle, 123, True", "action_flag": 2, "change_message": "[{\"changed\": {\"fields\": [\"Status\"]}}]"}}, {"model": "admin.logentry", "pk": 63, "fields": {"action_time": "2020-11-04T15:30:12.423Z", "user": 1, "content_type": 9, "object_id": "20", "object_repr": "jelou: 900", "action_flag": 3, "change_message": ""}}, {"model": "admin.logentry", "pk": 64, "fields": {"action_time": "2020-11-04T15:30:12.426Z", "user": 1, "content_type": 9, "object_id": "19", "object_repr": "jelou: 879", "action_flag": 3, "change_message": ""}}, {"model": "auth.permission", "pk": 1, "fields": {"name": "Can add auction categories", "content_type": 1, "codename": "add_auctioncategories"}}, {"model": "auth.permission", "pk": 2, "fields": {"name": "Can change auction categories", "content_type": 1, "codename": "change_auctioncategories"}}, {"model": "auth.permission", "pk": 3, "fields": {"name": "Can delete auction categories", "content_type": 1, "codename": "delete_auctioncategories"}}, {"model": "auth.permission", "pk": 4, "fields": {"name": "Can view auction categories", "content_type": 1, "codename": "view_auctioncategories"}}, {"model": "auth.permission", "pk": 5, "fields": {"name": "Can add listing", "content_type": 2, "codename": "add_listing"}}, {"model": "auth.permission", "pk": 6, "fields": {"name": "Can change listing", "content_type": 2, "codename": "change_listing"}}, {"model": "auth.permission", "pk": 7, "fields": {"name": "Can delete listing", "content_type": 2, "codename": "delete_listing"}}, {"model": "auth.permission", "pk": 8, "fields": {"name": "Can view listing", "content_type": 2, "codename": "view_listing"}}, {"model": "auth.permission", "pk": 9, "fields": {"name": "Can add user", "content_type": 3, "codename": "add_user"}}, {"model": "auth.permission", "pk": 10, "fields": {"name": "Can change user", "content_type": 3, "codename": "change_user"}}, {"model": "auth.permission", "pk": 11, "fields": {"name": "Can delete user", "content_type": 3, "codename": "delete_user"}}, {"model": "auth.permission", "pk": 12, "fields": {"name": "Can view user", "content_type": 3, "codename": "view_user"}}, {"model": "auth.permission", "pk": 13, "fields": {"name": "Can add log entry", "content_type": 4, "codename": "add_logentry"}}, {"model": "auth.permission", "pk": 14, "fields": {"name": "Can change log entry", "content_type": 4, "codename": "change_logentry"}}, {"model": "auth.permission", "pk": 15, "fields": {"name": "Can delete log entry", "content_type": 4, "codename": "delete_logentry"}}, {"model": "auth.permission", "pk": 16, "fields": {"name": "Can view log entry", "content_type": 4, "codename": "view_logentry"}}, {"model": "auth.permission", "pk": 17, "fields": {"name": "Can add permission", "content_type": 5, "codename": "add_permission"}}, {"model": "auth.permission", "pk": 18, "fields": {"name": "Can change permission", "content_type": 5, "codename": "change_permission"}}, {"model": "auth.permission", "pk": 19, "fields": {"name": "Can delete permission", "content_type": 5, "codename": "delete_permission"}}, {"model": "auth.permission", "pk": 20, "fields": {"name": "Can view permission", "content_type": 5, "codename": "view_permission"}}, {"model": "auth.permission", "pk": 21, "fields": {"name": "Can add group", "content_type": 6, "codename": "add_group"}}, {"model": "auth.permission", "pk": 22, "fields": {"name": "Can change group", "content_type": 6, "codename": "change_group"}}, {"model": "auth.permission", "pk": 23, "fields": {"name": "Can delete group", "content_type": 6, "codename": "delete_group"}}, {"model": "auth.permission", "pk": 24, "fields": {"name": "Can view group", "content_type": 6, "codename": "view_group"}}, {"model": "auth.permission", "pk": 25, "fields": {"name": "Can add content type", "content_type": 7, "codename": "add_contenttype"}}, {"model": "auth.permission", "pk": 26, "fields": {"name": "Can change content type", "content_type": 7, "codename": "change_contenttype"}}, {"model": "auth.permission", "pk": 27, "fields": {"name": "Can delete content type", "content_type": 7, "codename": "delete_contenttype"}}, {"model": "auth.permission", "pk": 28, "fields": {"name": "Can view content type", "content_type": 7, "codename": "view_contenttype"}}, {"model": "auth.permission", "pk": 29, "fields": {"name": "Can add session", "content_type": 8, "codename": "add_session"}}, {"model": "auth.permission", "pk": 30, "fields": {"name": "Can change session", "content_type": 8, "codename": "change_session"}}, {"model": "auth.permission", "pk": 31, "fields": {"name": "Can delete session", "content_type": 8, "codename": "delete_session"}}, {"model": "auth.permission", "pk": 32, "fields": {"name": "Can view session", "content_type": 8, "codename": "view_session"}}, {"model": "auth.permission", "pk": 33, "fields": {"name": "Can add bid", "content_type": 9, "codename": "add_bid"}}, {"model": "auth.permission", "pk": 34, "fields": {"name": "Can change bid", "content_type": 9, "codename": "change_bid"}}, {"model": "auth.permission", "pk": 35, "fields": {"name": "Can delete bid", "content_type": 9, "codename": "delete_bid"}}, {"model": "auth.permission", "pk": 36, "fields": {"name": "Can view bid", "content_type": 9, "codename": "view_bid"}}, {"model": "auth.permission", "pk": 37, "fields": {"name": "Can add comment", "content_type": 10, "codename": "add_comment"}}, {"model": "auth.permission", "pk": 38, "fields": {"name": "Can change comment", "content_type": 10, "codename": "change_comment"}}, {"model": "auth.permission", "pk": 39, "fields": {"name": "Can delete comment", "content_type": 10, "codename": "delete_comment"}}, {"model": "auth.permission", "pk": 40, "fields": {"name": "Can view comment", "content_type": 10, "codename": "view_comment"}}, {"model": "auth.permission", "pk": 41, "fields": {"name": "Can add watch list", "content_type": 11, "codename": "add_watchlist"}}, {"model": "auth.permission", "pk": 42, "fields": {"name": "Can change watch list", "content_type": 11, "codename": "change_watchlist"}}, {"model": "auth.permission", "pk": 43, "fields": {"name": "Can delete watch list", "content_type": 11, "codename": "delete_watchlist"}}, {"model": "auth.permission", "pk": 44, "fields": {"name": "Can view watch list", "content_type": 11, "codename": "view_watchlist"}}, {"model": "contenttypes.contenttype", "pk": 1, "fields": {"app_label": "auctions", "model": "auctioncategories"}}, {"model": "contenttypes.contenttype", "pk": 2, "fields": {"app_label": "auctions", "model": "listing"}}, {"model": "contenttypes.contenttype", "pk": 3, "fields": {"app_label": "auctions", "model": "user"}}, {"model": "contenttypes.contenttype", "pk": 4, "fields": {"app_label": "admin", "model": "logentry"}}, {"model": "contenttypes.contenttype", "pk": 5, "fields": {"app_label": "auth", "model": "permission"}}, {"model": "contenttypes.contenttype", "pk": 6, "fields": {"app_label": "auth", "model": "group"}}, {"model": "contenttypes.contenttype", "pk": 7, "fields": {"app_label": "contenttypes", "model": "contenttype"}}, {"model": "contenttypes.contenttype", "pk": 8, "fields": {"app_label": "sessions", "model": "session"}}, {"model": "contenttypes.contenttype", "pk": 9, "fields": {"app_label": "auctions", "model": "bid"}}, {"model": "contenttypes.contenttype", "pk": 10, "fields": {"app_label": "auctions", "model": "comment"}}, {"model": "contenttypes.contenttype", "pk": 11, "fields": {"app_label": "auctions", "model": "watchlist"}}, {"model": "sessions.session", "pk": "06u30oqhgrmpg0vcvayojmm51aomj1ig", "fields": {"session_data": ".eJxVjDsOwyAQBe9CHSHA6w8p0_sM1i7sBicRSMauotw9QnKRtG9m3lsteOxpOSpvyxrVVYG6_G6E4cm5gfjAfC86lLxvK-mm6JNWPZfIr9vp_h0krKnV1gtYkV4Gh9CFibm3QiMRGJSJrHNBHPnRdSYyGvLiAQdB8BCYvfp8AQeWOPc:1kaKEX:Fz9t2_lB6tf4-h70BVzHP9r0XZUm_wSVx_wq4KueILs", "expire_date": "2020-11-18T14:57:57.026Z"}}, {"model": "sessions.session", "pk": "gfpkzy3t1w8lkf6j7cdhsq9avk5aw8zr", "fields": {"session_data": ".eJxVjEEOwiAQRe_C2hCplAGX7j0DGWYYqRpISrsy3l2bdKHb_977LxVxXUpce57jxOqsRnX43RLSI9cN8B3rrWlqdZmnpDdF77Tra-P8vOzu30HBXr61C0YoWGO8gPWebICBQvYJ0AmLjImyyImYjSGEJMdgHJNHBvQAg3p_APrrOOw:1kzRiL:Aly9lt7bjxsCc7w0bjR_bZvjJxxAN4Ax4MTPUaq5-cA", "expire_date": "2021-01-26T22:00:33.709Z"}}, {"model": "sessions.session", "pk": "gv7qs5kk7l4ks5b5egtf9947qj9chyls", "fields": {"session_data": ".eJxVjEEOwiAQRe_C2hBKKTN16d4zkIEZpGpoUtqV8e7apAvd_vfef6lA21rC1mQJE6uz6tTpd4uUHlJ3wHeqt1mnua7LFPWu6IM2fZ1ZnpfD_Tso1Mq37v0AlL1hHyUnAUpgB7HIBNZQBGfQeQAEMtgJYobeMpJzPKaRLKr3B-npN7s:1kaLc4:xL1Datu_zaqSNpejVT-xLwAgUgu8FCjwi5r0p08Gxwk", "expire_date": "2020-11-18T16:26:20.716Z"}}, {"model": "sessions.session", "pk": "zcjp573hh9a6jguhvp2bevf52b2xas86", "fields": {"session_data": ".eJxVjDsOwjAQBe_iGlmx1x9CSZ8zWLveNQ6gRIqTCnF3iJQC2jcz76USbmtNW5MljawuKqrT70aYHzLtgO843Wad52ldRtK7og_a9DCzPK-H-3dQsdVvXUT63gcCcK4Xg2xLNF0oyMhA7CTTOVsjDDYCefLiyASxDjoTC4F6fwAHRDiI:1l1pEw:uGPAAvl3c6kKI3tDvbd_sYq_x-5BKsdTZ-5DttCZxxA", "expire_date": "2021-02-02T11:32:02.747Z"}}]